Date,NIFTYBEES,BANKBEES,JUNIORBEES,ITBEES,PHARMABEES,AUTOBEES,INFRABEES,GOLDBEES,SILVERBEES
2022-03-31,188.8699951171875,365.510009765625,434.1300048828125,37.2400016784668,13.68000030517578,105.86229705810548,522.02001953125,44.119998931884766,66.30000305175781
2022-04-30,185.42999267578125,363.8200073242188,449.25,32.45000076293945,13.579999923706056,111.11160278320312,537.0599975585938,44.790000915527344,64.56999969482422
2022-05-31,179.8699951171875,357.6199951171875,411.4500122070313,30.6200008392334,12.699999809265137,116.18789672851562,509.1799926757813,43.95000076293945,61.33000183105469
2022-06-30,171.60000610351562,337.3399963378906,385.510009765625,28.649999618530277,12.25,117.716796875,481.6300048828125,43.7599983215332,58.970001220703125
2022-07-31,186.5399932861328,378.0400085449219,432.1000061035156,30.13999938964844,12.84000015258789,126.56919860839844,509.8399963378906,44.060001373291016,57.400001525878906
2022-08-31,193.9199981689453,399.9500122070313,462.1799926757813,29.40999984741211,12.81999969482422,133.54660034179688,535.239990234375,43.900001525878906,54.36000061035156
2022-09-30,186.8300018310547,391.0499877929688,447.75,27.940000534057617,13.09000015258789,128.30419921875,518.97998046875,43.15999984741211,56.119998931884766
2022-10-31,196.2700042724609,417.25,449.4700012207031,29.809999465942383,13.3100004196167,135.16720581054688,545.1099853515625,43.22999954223633,57.11000061035156
2022-11-30,204.6999969482422,436.9299926757813,461.2699890136719,31.6299991607666,13.260000228881836,133.6508026123047,567.739990234375,45.09999847412109,61.31999969482422
2022-12-31,198.0399932861328,435.4800109863281,447.2300109863281,29.82999992370605,12.729999542236328,127.3750991821289,548.239990234375,46.790000915527344,67.2300033569336
2023-01-31,193.44000244140625,412.3800048828125,414.6799926757813,31.0,12.479999542236328,134.52999877929688,528.510009765625,48.66999816894531,66.9800033569336
2023-02-28,189.6999969482422,408.05999755859375,394.4700012207031,30.940000534057617,11.920000076293944,128.62510681152344,521.5900268554688,47.40999984741211,62.47999954223633
2023-03-31,189.8600006103516,410.5499877929688,400.4299926757813,29.84000015258789,12.15999984741211,123.68489837646484,529.72998046875,51.06999969482422,70.66999816894531
2023-04-30,197.2899932861328,436.6000061035156,418.3900146484375,28.86000061035156,12.739999771118164,133.20640563964844,554.6300048828125,51.25,73.08000183105469
2023-05-31,203.66000366210935,448.75,444.2300109863281,30.61000061035156,12.829999923706056,143.375,566.7000122070312,51.130001068115234,70.18000030517578
2023-06-30,210.6100006103516,454.4800109863281,464.260009765625,30.940000534057617,13.920000076293944,152.92140197753906,594.6699829101562,49.310001373291016,67.56999969482422
2023-07-31,217.5800018310547,464.5199890136719,480.260009765625,31.46999931335449,15.199999809265137,159.1945037841797,631.030029296875,50.65999984741211,72.68000030517578
2023-08-31,212.7700042724609,449.2000122070313,471.7799987792969,32.720001220703125,15.329999923706056,159.20770263671875,617.9299926757812,50.34999847412109,73.29000091552734
2023-09-30,216.75,454.4200134277344,478.9299926757813,33.4900016784668,15.65999984741211,164.389404296875,647.6799926757812,49.290000915527344,70.55999755859375
2023-10-31,210.97999572753903,437.510009765625,467.7200012207031,32.27000045776367,14.920000076293944,161.648193359375,632.9099731445312,52.060001373291016,71.04000091552734
2023-11-30,222.1300048828125,453.8200073242188,510.260009765625,34.400001525878906,16.479999542236328,178.2095947265625,682.8900146484375,53.150001525878906,74.61000061035156
2023-12-31,239.6499938964844,492.4299926757813,567.3599853515625,37.36000061035156,17.09000015258789,188.99630737304688,758.6300048828125,53.65999984741211,72.18000030517578
2024-01-31,240.25999450683597,468.760009765625,587.7000122070312,38.77999877929688,18.229999542236328,195.13870239257807,815.0399780273438,53.34999847412109,70.58999633789062
2024-02-29,243.25,471.0,627.760009765625,39.970001220703125,19.309999465942383,207.20509338378903,839.2899780273438,52.77999877929688,68.29000091552734
2024-03-31,246.9600067138672,480.3900146484375,643.8099975585938,37.04999923706055,19.270000457763672,217.39419555664065,864.02001953125,56.61000061035156,72.41999816894531
2024-04-30,250.05999755859372,502.3800048828125,690.3300170898438,35.25,19.270000457763672,228.1123962402344,888.489990234375,60.880001068115234,78.55999755859375
2024-05-31,251.1499938964844,502.5,719.9199829101562,34.70000076293945,19.11000061035156,237.5937957763672,898.780029296875,61.290000915527344,90.5999984741211
2024-06-30,267.4800109863281,537.2000122070312,761.0399780273438,38.59999847412109,20.07999992370605,256.0968017578125,945.5900268554688,60.630001068115234,85.9000015258789
2024-07-31,277.75,528.9400024414062,794.510009765625,43.68000030517578,22.18000030517578,271.7002868652344,983.3099975585938,58.68000030517578,81.83999633789062
2024-08-31,281.0799865722656,526.72998046875,801.7999877929688,45.66999816894531,23.739999771118164,267.119384765625,974.3400268554688,60.65999984741211,83.06999969482422
2024-09-30,288.3800048828125,544.780029296875,821.5999755859375,44.93000030517578,23.76000022888184,275.784912109375,992.8400268554688,63.54999923706055,88.04000091552734
2024-10-31,270.6400146484375,529.6400146484375,746.5900268554688,43.54999923706055,23.170000076293945,239.92770385742188,912.9600219726562,66.91999816894531,94.2699966430664
2024-11-30,269.8800048828125,533.5999755859375,754.97998046875,46.459999084472656,22.68000030517578,238.456298828125,903.989990234375,64.29000091552734,86.91999816894531
2024-12-31,264.4700012207031,522.7899780273438,726.989990234375,46.63999938964844,23.84000015258789,232.95069885253903,896.0499877929688,64.08999633789062,83.7300033569336
2025-01-31,263.0,508.3800048828125,676.9099731445312,45.959999084472656,21.88999938964844,233.25770568847656,864.219970703125,69.08000183105469,90.66999816894533
2025-02-28,248.4499969482422,496.7200012207031,612.0800170898438,40.22999954223633,20.21999931335449,209.0957946777344,794.5499877929688,71.0999984741211,90.45999908447266
2025-03-31,263.2099914550781,528.989990234375,672.0800170898438,39.77000045776367,21.530000686645508,217.23280334472656,875.0900268554688,74.16000366210938,97.5999984741211
2025-04-30,271.989990234375,564.0599975585938,688.47998046875,38.59999847412109,22.200000762939453,227.5157928466797,904.7000122070312,79.08999633789062,91.62000274658205
2025-05-31,277.9700012207031,572.0999755859375,714.9099731445312,40.52999877929688,21.90999984741211,237.97129821777344,922.9500122070312,79.48999786376953,94.3499984741211
2025-06-30,286.510009765625,589.27001953125,736.9500122070312,42.40999984741211,22.479999542236328,243.7863006591797,969.1099853515624,79.98999786376953,102.47000122070312
2025-07-31,279.260009765625,577.0599975585938,719.8099975585938,38.58000183105469,23.309999465942383,242.3867034912109,937.6199951171876,82.19999694824219,106.9000015258789
2025-08-31,276.0599975585937,554.989990234375,707.47998046875,38.41999816894531,22.3799991607666,256.4881896972656,918.5800170898438,85.33999633789062,113.58000183105467
2025-09-30,277.5199890136719,563.3900146484375,729.8599853515625,36.75,22.01000022888184,273.94000244140625,931.0900268554688,95.8499984741211,136.07000732421875
2025-10-31,291.0799865722656,597.3900146484375,750.9500122070312,39.25,22.71999931335449,275.75,985.9400024414062,100.0199966430664,142.47000122070312
2025-11-30,296.489990234375,616.3699951171875,744.1199951171875,41.040000915527344,23.520000457763672,285.5599975585937,995.2100219726562,104.62000274658205,156.77000427246094
2025-12-31,295.3099975585937,615.1799926757812,744.8800048828125,41.66999816894531,23.34000015258789,289.92999267578125,992.02001953125,110.11000061035156,215.42999267578125
2026-01-31,286.7300109863281,615.72998046875,729.6099853515625,41.93999862670898,22.239999771118164,274.1499938964844,944.1599731445312,131.1199951171875,286.4800109863281
2026-02-28,285.2900085449219,623.969970703125,750.47998046875,33.81999969482422,23.59000015258789,290.1199951171875,984.4099731445312,131.60000610351562,252.80999755859372
2026-03-31,253.44000244140625,520.9000244140625,651.9000244140625,31.989999771118164,22.799999237060547,244.19000244140625,885.0599975585938,121.19000244140624,216.0800018310547
2026-04-30,272.010009765625,567.0,752.7999877929688,32.439998626708984,23.90999984741211,265.8299865722656,970.1199951171876,123.43000030517578,227.5
2026-05-31,267.7799987792969,561.3200073242188,767.8599853515625,32.27000045776367,25.020000457763672,271.3099975585937,965.8099975585938,128.64999389648438,249.3699951171875
2026-06-30,271.82000732421875,596.3699951171875,773.97998046875,29.200000762939453,26.040000915527344,273.04998779296875,969.1799926757812,115.97000122070312,212.82000732421875
2026-07-31,277.4200134277344,592.260009765625,795.6500244140625,34.119998931884766,27.270000457763672,297.1300048828125,971.969970703125,117.11000061035156,206.50999450683597
2026-08-31,274.8699951171875,595.5800170898438,793.8599853515625,34.31999969482422,27.600000381469727,298.7699890136719,953.219970703125,127.31999969482422,223.2100067138672
2026-09-30,258.5,567.4199829101562,756.3099975585938,30.86000061035156,27.31999969482422,272.25,903.010009765625,121.58999633789062,209.6199951171875
