,NIFTYBEES,BANKBEES,JUNIORBEES,ITBEES,PHARMABEES,AUTOBEES,INFRABEES,GOLDBEES,SILVERBEES
NIFTYBEES,1.0,0.8840491613476624,0.8732947857751852,0.5405616990331785,0.59121299826625,0.7646167607181543,0.9056754642296428,0.03159866261536728,0.02145648719110367
BANKBEES,0.8840491613476624,1.0,0.7802981783090708,0.25969547131718473,0.40619701915279566,0.5915786612768417,0.756291743443979,0.13592239680609977,0.08704642938647775
JUNIORBEES,0.8732947857751852,0.7802981783090708,1.0,0.3627341524615643,0.6373117888001112,0.7372353871471079,0.9024641348264921,0.0361844547672327,0.05906251977103564
ITBEES,0.5405616990331785,0.25969547131718473,0.3627341524615643,1.0,0.36569420036817485,0.370423852732554,0.38332004057068836,-0.03397868536489034,0.06815371761045934
PHARMABEES,0.59121299826625,0.40619701915279566,0.6373117888001112,0.36569420036817485,1.0,0.48752355573117157,0.68163305461486,-0.23790396486361262,-0.16770758532195087
AUTOBEES,0.7646167607181543,0.5915786612768417,0.7372353871471079,0.370423852732554,0.48752355573117157,1.0,0.7308045978640804,0.011736860635591935,-0.02215665806751807
INFRABEES,0.9056754642296428,0.756291743443979,0.9024641348264921,0.38332004057068836,0.68163305461486,0.7308045978640804,1.0,-0.037304710022613645,-0.025945964270779984
GOLDBEES,0.03159866261536728,0.13592239680609977,0.0361844547672327,-0.03397868536489034,-0.23790396486361262,0.011736860635591935,-0.037304710022613645,1.0,0.7632102621506067
SILVERBEES,0.02145648719110367,0.08704642938647775,0.05906251977103564,0.06815371761045934,-0.16770758532195087,-0.02215665806751807,-0.025945964270779984,0.7632102621506067,1.0
