ETF,Maximum_Drawdown,Maximum_Drawdown_%,Drawdown_Date
NIFTYBEES,-0.14519878987799145,-14.519878987799146,2026-03-31
BANKBEES,-0.16518414527692318,-16.518414527692318,2026-03-31
JUNIORBEES,-0.2550145627093905,-25.501456270939048,2025-02-28
ITBEES,-0.37392793428251464,-37.392793428251466,2026-06-30
PHARMABEES,-0.15184567181474795,-15.184567181474796,2025-02-28
AUTOBEES,-0.24181568499001863,-24.181568499001862,2025-02-28
INFRABEES,-0.1997200291073335,-19.972002910733348,2025-02-28
GOLDBEES,-0.1187690285555006,-11.87690285555006,2026-06-30
SILVERBEES,-0.27914693316354483,-27.914693316354484,2026-07-31
