Date,Portfolio_Return,Cumulative_Growth,Drawdown
2022-04-30,-0.00627272429563161,0.9937272757043684,0.0
2022-05-31,-0.036391078398042224,0.9575644685079377,-0.036391078398042245
2022-06-30,-0.03880583533579801,0.9204053794196078,-0.07378472753783373
2022-07-31,0.06030450199414168,0.9759099674582362,-0.017929776792634557
2022-08-31,0.021078729501301224,0.9964809096799121,0.0
2022-09-30,-0.019230213677060425,0.9773183688616558,-0.019230213677060466
2022-10-31,0.036467243507107706,1.012958475802903,0.0
2022-11-30,0.03565966599217419,1.0490802367139764,0.0
2022-12-31,-0.01229112851674982,1.0361858567001425,-0.012291128516749924
2023-01-31,-0.008091706937803823,1.027801344414628,-0.020283379244661212
2023-02-28,-0.030601398033970353,0.996349186374346,-0.05026407751689173
2023-03-31,0.021346100468259646,1.0176173562081614,-0.029990919097252173
2023-04-30,0.03598965156350222,1.0542410502830655,0.0
2023-05-31,0.027294898701490298,1.0830164529574944,0.0
2023-06-30,0.025652798798193203,1.110798856120346,0.0
2023-07-31,0.0448778738263685,1.1606491470317892,0.0
2023-08-31,-0.004763803754391975,1.1551200422676273,-0.004763803754391998
2023-09-30,0.01254784202284159,1.1696143060754196,0.0
2023-10-31,-0.016377881062910476,1.1504585020810378,-0.01637788106291046
2023-11-30,0.0671395160861483,1.2276997291879537,0.0
2023-12-31,0.06082005436353048,1.3023684934592565,0.0
2024-01-31,0.019343826221259165,1.3275612832727754,0.0
2024-02-29,0.024848656172434862,1.360549397148657,0.0
2024-03-31,0.021923461048460227,1.3903773488615516,0.0
2024-04-30,0.03553755577152521,1.4397879614401843,0.0
2024-05-31,0.0262994163896733,1.4776535445509384,0.0
2024-06-30,0.0468508098114434,1.5468828097338996,0.0
2024-07-31,0.03606427338285163,1.6026700142753765,0.0
2024-08-31,0.017296432011491565,1.6303904872141468,0.0
2024-09-30,0.02538585820728551,1.671779348945072,0.0
2024-10-31,-0.03587034356921169,1.6118120493264994,-0.03587034356921166
2024-11-30,-0.007960904307718621,1.5989805678397833,-0.04354568750429079
2024-12-31,-0.010448981483678055,1.5822728494936644,-0.05353966090554243
2025-01-31,-0.007982636611753505,1.5696421403155127,-0.061094909859970487
2025-02-28,-0.05914129832881405,1.4768114662256346,-0.11662297589838412
2025-03-31,0.05977809146725778,1.565092437133566,-0.0638163833515636
2025-04-30,0.023570624478495342,1.6019826432433744,-0.04174995088062363
2025-05-31,0.023616412826392822,1.639815726686926,-0.019119522129709163
2025-06-30,0.03675189201293001,1.7000820571952282,0.0
2025-07-31,-0.010004943120164787,1.6830728329133773,-0.010004943120164743
2025-08-31,0.003075591559307733,1.6882492775119857,-0.006960122679468798
2025-09-30,0.043875893673266136,1.76232272330607,0.0
2025-10-31,0.043827582556087936,1.8395610679522365,0.0
2025-11-30,0.034824393991729624,1.903622667354452,0.0
2025-12-31,0.04906229973592985,1.9970187732443063,0.0
2026-01-31,0.036514749334009305,2.069939413164633,0.0
2026-02-28,-0.012103304663281841,2.044886305812567,-0.012103304663281715
2026-03-31,-0.10882301145899298,1.822355619922788,-0.11960919806021075
2026-04-30,0.0705957641099146,1.9510062073912344,-0.05745733668193076
2026-05-31,0.021135046944363932,1.9922408151731934,-0.03753665324563765
2026-06-30,-0.02267741414740451,1.9470619451261482,-0.05936283316168331
2026-07-31,0.036520538026318675,2.018169694932726,-0.025010257741195783
2026-08-31,0.018489595646267044,2.0554848365375817,-0.006983091647572556
2026-09-30,-0.056936168091943115,1.9384534063740377,-0.06352166925966805
