ETF,Annualized_Return_%,Annualized_Volatility_%,Risk_Free_Rate_%,Sharpe_Ratio
NIFTYBEES,7.892119995595682,13.49860097246604,6.0,0.14017156292382887
BANKBEES,11.111742464067484,16.159742999998965,6.0,0.316325727709148
JUNIORBEES,14.284170015571194,19.625583263391828,6.0,0.42211076758283644
ITBEES,-1.4676747692112495,23.26115983591993,6.0,-0.3210362175354494
PHARMABEES,16.630792104840165,15.464938990559604,6.0,0.6874124826053055
AUTOBEES,23.033717987721943,19.177349311472444,6.0,0.8882206665303781
INFRABEES,13.545048751672889,16.33830130858871,6.0,0.4618012980153947
GOLDBEES,24.015253518434072,16.398466836465445,6.0,1.0985937708745652
SILVERBEES,30.8734032129944,33.409482815289095,6.0,0.7445012947525081
