ETF,Monthly_Volatility,Annualized_Volatility,Monthly_Volatility_%,Annualized_Volatility_%
NIFTYBEES,0.03896710452568306,0.1349860097246604,3.896710452568306,13.49860097246604
BANKBEES,0.046649159855422874,0.16159742999998966,4.6649159855422875,16.159742999998965
JUNIORBEES,0.05665417890061344,0.1962558326339183,5.665417890061343,19.625583263391828
ITBEES,0.06714918446465641,0.23261159835919928,6.714918446465641,23.26115983591993
PHARMABEES,0.04464343344600363,0.15464938990559604,4.464343344600364,15.464938990559604
AUTOBEES,0.055360238936610504,0.19177349311472444,5.53602389366105,19.177349311472444
INFRABEES,0.047164613293074545,0.16338301308588712,4.716461329307455,16.33830130858871
GOLDBEES,0.04733829621165238,0.16398466836465445,4.7338296211652375,16.398466836465445
SILVERBEES,0.09644486948446668,0.33409482815289093,9.644486948446668,33.409482815289095
