ETF,Total_Invested,Cumulative_Units,Final_Price,Final_Portfolio_Value,Absolute_Profit,Absolute_Return_%
NIFTYBEES,275000,1165.5678017647538,258.5,301299.27675618883,26299.276756188832,9.563373365886848
BANKBEES,275000,566.7884634100718,567.4199829101562,321607.1002218167,46607.10022181668,16.948036444296978
JUNIORBEES,275000,475.207350204928,756.3099975585938,359404.0698733149,84404.06987331487,30.69238904484177
ITBEES,275000,7840.043062355359,30.86000061035156,241943.7336894689,-33056.26631053109,-12.020460476556762
PHARMABEES,275000,15476.161789982674,27.31999969482422,422808.7353793769,147808.7353793769,53.748631047046146
AUTOBEES,275000,1467.8663007262462,272.25,399626.6003727205,124626.60037272051,45.31876377189837
INFRABEES,275000,374.066223002628,903.010009765625,337785.5436865936,62785.54368659359,22.831106795124942
GOLDBEES,275000,4391.439750669467,121.58999633789062,533955.1432019678,258955.14320196782,94.16550661889738
SILVERBEES,275000,3155.037452733144,209.6199951171875,661358.9354364653,386358.9354364653,140.49415834053286
