Date,ETF,SIP_Investment,Adjusted_Close,Units_Purchased,Cumulative_Units
2022-03-31,NIFTYBEES,5000,188.8699951171875,26.473236243256466,26.473236243256466
2022-04-30,NIFTYBEES,5000,185.42999267578125,26.9643541902218,53.43759043347826
2022-05-31,NIFTYBEES,5000,179.8699951171875,27.797854760280828,81.23544519375909
2022-06-30,NIFTYBEES,5000,171.60000610351562,29.13752810115759,110.37297329491668
2022-07-31,NIFTYBEES,5000,186.5399932861328,26.803903612940115,137.17687690785678
2022-08-31,NIFTYBEES,5000,193.9199981689453,25.783828626297442,162.96070553415422
2022-09-30,NIFTYBEES,5000,186.8300018310547,26.762297013310338,189.72300254746455
2022-10-31,NIFTYBEES,5000,196.2700042724609,25.475110262182643,215.1981128096472
2022-11-30,NIFTYBEES,5000,204.6999969482422,24.425989616718148,239.62410242636534
2022-12-31,NIFTYBEES,5000,198.0399932861328,25.247425618601607,264.87152804496696
2023-01-31,NIFTYBEES,5000,193.44000244140625,25.84780777964744,290.7193358246144
2023-02-28,NIFTYBEES,5000,189.6999969482422,26.357406855226262,317.07674267984066
2023-03-31,NIFTYBEES,5000,189.8600006103516,26.335194269073384,343.41193694891405
2023-04-30,NIFTYBEES,5000,197.2899932861328,25.343403974617306,368.7553409235314
2023-05-31,NIFTYBEES,5000,203.66000366210932,24.550721349762224,393.3060622732936
2023-06-30,NIFTYBEES,5000,210.6100006103516,23.74056305735677,417.0466253306504
2023-07-31,NIFTYBEES,5000,217.5800018310547,22.980053120333974,440.0266784509844
2023-08-31,NIFTYBEES,5000,212.7700042724609,23.49955303660797,463.5262314875923
2023-09-30,NIFTYBEES,5000,216.75,23.06805074971165,486.59428223730396
2023-10-31,NIFTYBEES,5000,210.97999572753903,23.698929288334202,510.2932115256382
2023-11-30,NIFTYBEES,5000,222.1300048828125,22.509340881875968,532.8025524075141
2023-12-31,NIFTYBEES,5000,239.6499938964844,20.863760180856605,553.6663125883707
2024-01-31,NIFTYBEES,5000,240.259994506836,20.810788788466976,574.4771013768377
2024-02-29,NIFTYBEES,5000,243.25,20.554984583761563,595.0320859605993
2024-03-31,NIFTYBEES,5000,246.9600067138672,20.24619316516743,615.2782791257667
2024-04-30,NIFTYBEES,5000,250.0599975585937,19.995201346942377,635.2734804727091
2024-05-31,NIFTYBEES,5000,251.1499938964844,19.908421746013786,655.1819022187229
2024-06-30,NIFTYBEES,5000,267.4800109863281,18.692985623720375,673.8748878424433
2024-07-31,NIFTYBEES,5000,277.75,18.001800180018,691.8766880224613
2024-08-31,NIFTYBEES,5000,281.0799865722656,17.788530805676913,709.6652188281382
2024-09-30,NIFTYBEES,5000,288.3800048828125,17.3382339806528,727.003452808791
2024-10-31,NIFTYBEES,5000,270.6400146484375,18.47472557409894,745.47817838289
2024-11-30,NIFTYBEES,5000,269.8800048828125,18.526752295603018,764.004930678493
2024-12-31,NIFTYBEES,5000,264.4700012207031,18.905735913040076,782.9106665915331
2025-01-31,NIFTYBEES,5000,263.0,19.011406844106464,801.9220734356395
2025-02-28,NIFTYBEES,5000,248.4499969482422,20.1247738434934,822.0468472791329
2025-03-31,NIFTYBEES,5000,263.2099914550781,18.996239361427687,841.0430866405605
2025-04-30,NIFTYBEES,5000,271.989990234375,18.38302944785386,859.4261160884145
2025-05-31,NIFTYBEES,5000,277.9700012207031,17.987552534599196,877.4136686230137
2025-06-30,NIFTYBEES,5000,286.510009765625,17.45139726214163,894.8650658851553
2025-07-31,NIFTYBEES,5000,279.260009765625,17.90446116576576,912.769527050921
2025-08-31,NIFTYBEES,5000,276.0599975585937,18.112004796851274,930.8815318477723
2025-09-30,NIFTYBEES,5000,277.5199890136719,18.016720228947825,948.8982520767202
2025-10-31,NIFTYBEES,5000,291.0799865722656,17.17740906504633,966.0756611417664
2025-11-30,NIFTYBEES,5000,296.489990234375,16.863975731684924,982.9396368734514
2025-12-31,NIFTYBEES,5000,295.3099975585937,16.931360405459788,999.8709972789112
2026-01-31,NIFTYBEES,5000,286.7300109863281,17.43800721382601,1017.3090044927372
2026-02-28,NIFTYBEES,5000,285.2900085449219,17.52602562389667,1034.835030116634
2026-03-31,NIFTYBEES,5000,253.44000244140625,19.728535163488917,1054.563565280123
2026-04-30,NIFTYBEES,5000,272.010009765625,18.381676484288963,1072.945241764412
2026-05-31,NIFTYBEES,5000,267.7799987792969,18.67204430051917,1091.6172860649312
2026-06-30,NIFTYBEES,5000,271.82000732421875,18.39452529348272,1110.011811358414
2026-07-31,NIFTYBEES,5000,277.4200134277344,18.023213027139654,1128.0350243855537
2026-08-31,NIFTYBEES,5000,274.8699951171875,18.190417611308614,1146.2254419968624
2026-09-30,NIFTYBEES,5000,258.5,19.342359767891683,1165.567801764754
2022-03-31,BANKBEES,5000,365.510009765625,13.679515926817261,13.679515926817261
2022-04-30,BANKBEES,5000,363.8200073242188,13.743059478156301,27.422575404973564
2022-05-31,BANKBEES,5000,357.6199951171875,13.981321146099686,41.40389655107325
2022-06-30,BANKBEES,5000,337.3399963378906,14.821841626487238,56.22573817756049
2022-07-31,BANKBEES,5000,378.0400085449219,13.226113339815614,69.4518515173761
2022-08-31,BANKBEES,5000,399.9500122070313,12.501562313771815,81.95341383114791
2022-09-30,BANKBEES,5000,391.0499877929688,12.786089134586852,94.73950296573477
2022-10-31,BANKBEES,5000,417.25,11.983223487118035,106.72272645285281
2022-11-30,BANKBEES,5000,436.9299926757813,11.443480840900273,118.16620729375309
2022-12-31,BANKBEES,5000,435.4800109863281,11.481583250343435,129.64779054409652
2023-01-31,BANKBEES,5000,412.3800048828125,12.12473917454089,141.7725297186374
2023-02-28,BANKBEES,5000,408.05999755859375,12.253100107618476,154.02562982625588
2023-03-31,BANKBEES,5000,410.5499877929688,12.178784919417385,166.20441474567326
2023-04-30,BANKBEES,5000,436.6000061035156,11.452129936101112,177.65654468177436
2023-05-31,BANKBEES,5000,448.75,11.142061281337048,188.7986059631114
2023-06-30,BANKBEES,5000,454.4800109863281,11.00158396218313,199.80018992529455
2023-07-31,BANKBEES,5000,464.5199890136719,10.763799445136124,210.56398937043068
2023-08-31,BANKBEES,5000,449.2000122070313,11.130899074186924,221.6948884446176
2023-09-30,BANKBEES,5000,454.4200134277344,11.003036513036724,232.69792495765432
2023-10-31,BANKBEES,5000,437.510009765625,11.428309954961968,244.1262349126163
2023-11-30,BANKBEES,5000,453.8200073242188,11.01758388635319,255.14381879896948
2023-12-31,BANKBEES,5000,492.4299926757813,10.153727584363507,265.297546383333
2024-01-31,BANKBEES,5000,468.760009765625,10.66643889375279,275.9639852770858
2024-02-29,BANKBEES,5000,471.0,10.615711252653927,286.5796965297397
2024-03-31,BANKBEES,5000,480.3900146484375,10.408209678669396,296.9879062084091
2024-04-30,BANKBEES,5000,502.3800048828125,9.95262540587443,306.9405316142835
2024-05-31,BANKBEES,5000,502.5,9.950248756218905,316.8907803705024
2024-06-30,BANKBEES,5000,537.2000122070312,9.307520265046183,326.1983006355486
2024-07-31,BANKBEES,5000,528.9400024414062,9.452867956520038,335.65116859206864
2024-08-31,BANKBEES,5000,526.72998046875,9.492529731363263,345.1436983234319
2024-09-30,BANKBEES,5000,544.780029296875,9.17801632055656,354.32171464398846
2024-10-31,BANKBEES,5000,529.6400146484375,9.44037433296818,363.76208897695665
2024-11-30,BANKBEES,5000,533.5999755859375,9.37031527130334,373.13240424826
2024-12-31,BANKBEES,5000,522.7899780273438,9.564070104914066,382.69647435317404
2025-01-31,BANKBEES,5000,508.3800048828125,9.835162579127317,392.53163693230135
2025-02-28,BANKBEES,5000,496.7200012207031,10.0660331529078,402.59767008520913
2025-03-31,BANKBEES,5000,528.989990234375,9.451974691968545,412.04964477717766
2025-04-30,BANKBEES,5000,564.0599975585938,8.86430525412433,420.91395003130197
2025-05-31,BANKBEES,5000,572.0999755859375,8.739731189254227,429.65368122055617
2025-06-30,BANKBEES,5000,589.27001953125,8.485074472272284,438.13875569282845
2025-07-31,BANKBEES,5000,577.0599975585938,8.664610302488187,446.80336599531665
2025-08-31,BANKBEES,5000,554.989990234375,9.009171494946198,455.81253749026286
2025-09-30,BANKBEES,5000,563.3900146484375,8.874846678140122,464.68738416840296
2025-10-31,BANKBEES,5000,597.3900146484375,8.369741504538684,473.05712567294165
2025-11-30,BANKBEES,5000,616.3699951171875,8.112010707220383,481.16913638016206
2025-12-31,BANKBEES,5000,615.1799926757812,8.12770255783522,489.2968389379973
2026-01-31,BANKBEES,5000,615.72998046875,8.120442659286368,497.41728159728365
2026-02-28,BANKBEES,5000,623.969970703125,8.013206139336665,505.4304877366203
2026-03-31,BANKBEES,5000,520.9000244140625,9.59877090738147,515.0292586440017
2026-04-30,BANKBEES,5000,567.0,8.818342151675486,523.8476007956772
2026-05-31,BANKBEES,5000,561.3200073242188,8.907574885553647,532.7551756812309
2026-06-30,BANKBEES,5000,596.3699951171875,8.384056946086789,541.1392326273177
2026-07-31,BANKBEES,5000,592.260009765625,8.442238066991303,549.581470694309
2026-08-31,BANKBEES,5000,595.5800170898438,8.395177568970965,557.97664826328
2026-09-30,BANKBEES,5000,567.4199829101562,8.811815146791696,566.7884634100717
2022-03-31,JUNIORBEES,5000,434.1300048828125,11.517287318921165,11.517287318921165
2022-04-30,JUNIORBEES,5000,449.25,11.129660545353367,22.64694786427453
2022-05-31,JUNIORBEES,5000,411.4500122070313,12.152144493032912,34.799092357307444
2022-06-30,JUNIORBEES,5000,385.510009765625,12.969831841823781,47.76892419913123
2022-07-31,JUNIORBEES,5000,432.1000061035156,11.57139534684982,59.340319545981046
2022-08-31,JUNIORBEES,5000,462.1799926757813,10.818296073468273,70.15861561944932
2022-09-30,JUNIORBEES,5000,447.75,11.166945840312675,81.325561459762
2022-10-31,JUNIORBEES,5000,449.4700012207031,11.124212931721,92.449774391483
2022-11-30,JUNIORBEES,5000,461.2699890136719,10.839638647837116,103.28941303932012
2022-12-31,JUNIORBEES,5000,447.2300109863281,11.17992951540287,114.469342554723
2023-01-31,JUNIORBEES,5000,414.6799926757813,12.057490325821588,126.52683288054459
2023-02-28,JUNIORBEES,5000,394.4700012207031,12.675235086387561,139.20206796693216
2023-03-31,JUNIORBEES,5000,400.4299926757813,12.486577158190999,151.68864512512317
2023-04-30,JUNIORBEES,5000,418.3900146484375,11.950572014012746,163.63921713913592
2023-05-31,JUNIORBEES,5000,444.2300109863281,11.255430466974648,174.89464760611057
2023-06-30,JUNIORBEES,5000,464.260009765625,10.769827025429517,185.6644746315401
2023-07-31,JUNIORBEES,5000,480.260009765625,10.411027148481683,196.07550178002177
2023-08-31,JUNIORBEES,5000,471.7799987792969,10.598160186818447,206.6736619668402
2023-09-30,JUNIORBEES,5000,478.9299926757813,10.43993919041279,217.113601157253
2023-10-31,JUNIORBEES,5000,467.7200012207031,10.690156475990962,227.80375763324395
2023-11-30,JUNIORBEES,5000,510.260009765625,9.798925850169256,237.60268348341322
2023-12-31,JUNIORBEES,5000,567.3599853515625,8.81274698444193,246.41543046785515
2024-01-31,JUNIORBEES,5000,587.7000122070312,8.507741868548118,254.92317233640327
2024-02-29,JUNIORBEES,5000,627.760009765625,7.964827198640379,262.88799953504366
2024-03-31,JUNIORBEES,5000,643.8099975585938,7.7662664745198295,270.6542660095635
2024-04-30,JUNIORBEES,5000,690.3300170898438,7.242912630509691,277.8971786400732
2024-05-31,JUNIORBEES,5000,719.9199829101562,6.945216299995362,284.8423949400686
2024-06-30,JUNIORBEES,5000,761.0399780273438,6.569957090769748,291.4123520308383
2024-07-31,JUNIORBEES,5000,794.510009765625,6.293186918406435,297.7055389492447
2024-08-31,JUNIORBEES,5000,801.7999877929688,6.235969164533138,303.94150811377784
2024-09-30,JUNIORBEES,5000,821.5999755859375,6.085686646271098,310.0271947600489
2024-10-31,JUNIORBEES,5000,746.5900268554688,6.697115980854031,316.724310740903
2024-11-30,JUNIORBEES,5000,754.97998046875,6.622692163169165,323.34700290407216
2024-12-31,JUNIORBEES,5000,726.989990234375,6.877673788036676,330.22467669210886
2025-01-31,JUNIORBEES,5000,676.9099731445312,7.386506623285367,337.6111833153942
2025-02-28,JUNIORBEES,5000,612.0800170898438,8.168866586713087,345.7800499021073
2025-03-31,JUNIORBEES,5000,672.0800170898438,7.439590335761462,353.21964023786876
2025-04-30,JUNIORBEES,5000,688.47998046875,7.262375293172304,360.48201553104104
2025-05-31,JUNIORBEES,5000,714.9099731445312,6.993887605186849,367.4759031362279
2025-06-30,JUNIORBEES,5000,736.9500122070312,6.784720696354844,374.2606238325827
2025-07-31,JUNIORBEES,5000,719.8099975585938,6.946277513453113,381.20690134603586
2025-08-31,JUNIORBEES,5000,707.47998046875,7.067337787688615,388.27423913372445
2025-09-30,JUNIORBEES,5000,729.8599853515625,6.850629025225401,395.1248681589498
2025-10-31,JUNIORBEES,5000,750.9500122070312,6.658232796754437,401.78310095570424
2025-11-30,JUNIORBEES,5000,744.1199951171875,6.719346386079273,408.5024473417835
2025-12-31,JUNIORBEES,5000,744.8800048828125,6.7124905585116625,415.2149379002952
2026-01-31,JUNIORBEES,5000,729.6099853515625,6.852976385172073,422.0679142854673
2026-02-28,JUNIORBEES,5000,750.47998046875,6.662402902309264,428.73031718777656
2026-03-31,JUNIORBEES,5000,651.9000244140625,7.669887732392823,436.40020492016936
2026-04-30,JUNIORBEES,5000,752.7999877929688,6.64187045839203,443.0420753785614
2026-05-31,JUNIORBEES,5000,767.8599853515625,6.5116038019753875,449.5536791805368
2026-06-30,JUNIORBEES,5000,773.97998046875,6.460115411475916,456.0137945920127
2026-07-31,JUNIORBEES,5000,795.6500244140625,6.284169982502207,462.2979645745149
2026-08-31,JUNIORBEES,5000,793.8599853515625,6.298339873857907,468.5963044483728
2026-09-30,JUNIORBEES,5000,756.3099975585938,6.61104575655518,475.207350204928
2022-03-31,ITBEES,5000,37.2400016784668,134.26422595708794,134.26422595708794
2022-04-30,ITBEES,5000,32.45000076293945,154.0832013079768,288.34742726506477
2022-05-31,ITBEES,5000,30.6200008392334,163.29196155976265,451.6393888248274
2022-06-30,ITBEES,5000,28.64999961853028,174.52007213173204,626.1594609565594
2022-07-31,ITBEES,5000,30.13999938964844,165.8925050183394,792.0519659748988
2022-08-31,ITBEES,5000,29.40999984741211,170.01020149410058,962.0621674689994
2022-09-30,ITBEES,5000,27.940000534057617,178.95489994372844,1141.0170674127278
2022-10-31,ITBEES,5000,29.809999465942383,167.7289530217016,1308.7460204344293
2022-11-30,ITBEES,5000,31.6299991607666,158.0777784591891,1466.8237988936185
2022-12-31,ITBEES,5000,29.82999992370605,167.61649389165686,1634.4402927852752
2023-01-31,ITBEES,5000,31.0,161.29032258064515,1795.7306153659204
2023-02-28,ITBEES,5000,30.940000534057617,161.60309999013037,1957.3337153560508
2023-03-31,ITBEES,5000,29.84000015258789,167.5603208589921,2124.894036215043
2023-04-30,ITBEES,5000,28.86000061035156,173.25016958615691,2298.1442058012
2023-05-31,ITBEES,5000,30.61000061035156,163.34530873250364,2461.4895145337036
2023-06-30,ITBEES,5000,30.940000534057617,161.60309999013037,2623.092614523834
2023-07-31,ITBEES,5000,31.46999931335449,158.88147788672558,2781.9740924105595
2023-08-31,ITBEES,5000,32.720001220703125,152.81173024028863,2934.785822650848
2023-09-30,ITBEES,5000,33.4900016784668,149.29829051680431,3084.084113167652
2023-10-31,ITBEES,5000,32.27000045776367,154.94266901372404,3239.026782181376
2023-11-30,ITBEES,5000,34.400001525878906,145.34883076207225,3384.3756129434482
2023-12-31,ITBEES,5000,37.36000061035156,133.8329742589624,3518.208587202411
2024-01-31,ITBEES,5000,38.77999877929688,128.93244346024332,3647.141030662654
2024-02-29,ITBEES,5000,39.970001220703125,125.09381654484832,3772.2348472075023
2024-03-31,ITBEES,5000,37.04999923706055,134.95276931068264,3907.1876165181848
2024-04-30,ITBEES,5000,35.25,141.84397163120568,4049.0315881493902
2024-05-31,ITBEES,5000,34.70000076293945,144.0922158520566,4193.123804001447
2024-06-30,ITBEES,5000,38.59999847412109,129.5336838770134,4322.65748787846
2024-07-31,ITBEES,5000,43.68000030517578,114.46886366911345,4437.126351547574
2024-08-31,ITBEES,5000,45.66999816894531,109.48106416610062,4546.6074157136745
2024-09-30,ITBEES,5000,44.93000030517578,111.28421914174831,4657.891634855423
2024-10-31,ITBEES,5000,43.54999923706055,114.81056458308862,4772.702199438511
2024-11-30,ITBEES,5000,46.459999084472656,107.6194597186517,4880.321659157163
2024-12-31,ITBEES,5000,46.63999938964844,107.20411804099916,4987.525777198161
2025-01-31,ITBEES,5000,45.959999084472656,108.79025456049723,5096.316031758659
2025-02-28,ITBEES,5000,40.22999954223633,124.28536059888945,5220.601392357548
2025-03-31,ITBEES,5000,39.77000045776367,125.72290526649789,5346.324297624046
2025-04-30,ITBEES,5000,38.59999847412109,129.5336838770134,5475.85798150106
2025-05-31,ITBEES,5000,40.52999877929688,123.36541205508372,5599.2233935561435
2025-06-30,ITBEES,5000,42.40999984741211,117.89672289529857,5717.120116451442
2025-07-31,ITBEES,5000,38.58000183105469,129.6008232942925,5846.7209397457345
2025-08-31,ITBEES,5000,38.41999816894531,130.1405579982946,5976.861497744029
2025-09-30,ITBEES,5000,36.75,136.05442176870747,6112.915919512737
2025-10-31,ITBEES,5000,39.25,127.38853503184713,6240.304454544584
2025-11-30,ITBEES,5000,41.040000915527344,121.83235595660689,6362.136810501191
2025-12-31,ITBEES,5000,41.66999816894531,119.99040604053265,6482.127216541723
2026-01-31,ITBEES,5000,41.93999862670898,119.21793428042248,6601.345150822146
2026-02-28,ITBEES,5000,33.81999969482422,147.84151523115463,6749.1866660533005
2026-03-31,ITBEES,5000,31.989999771118164,156.29884450684483,6905.4855105601455
2026-04-30,ITBEES,5000,32.439998626708984,154.1307093608606,7059.616219921006
2026-05-31,ITBEES,5000,32.27000045776367,154.94266901372404,7214.55888893473
2026-06-30,ITBEES,5000,29.200000762939453,171.2328722383454,7385.791761173075
2026-07-31,ITBEES,5000,34.119998931884766,146.5416224068974,7532.333383579973
2026-08-31,ITBEES,5000,34.31999969482422,145.68764698311017,7678.0210305630835
2026-09-30,ITBEES,5000,30.86000061035156,162.0220317922748,7840.043062355358
2022-03-31,PHARMABEES,5000,13.68000030517578,365.49706786982074,365.49706786982074
2022-04-30,PHARMABEES,5000,13.579999923706056,368.18851458693325,733.685582456754
2022-05-31,PHARMABEES,5000,12.699999809265137,393.7007933143675,1127.3863757711215
2022-06-30,PHARMABEES,5000,12.25,408.16326530612247,1535.549641077244
2022-07-31,PHARMABEES,5000,12.84000015258789,389.40809506082866,1924.9577361380725
2022-08-31,PHARMABEES,5000,12.81999969482422,390.01560990821514,2314.9733460462876
2022-09-30,PHARMABEES,5000,13.09000015258789,381.97096575369414,2696.9443117999817
2022-10-31,PHARMABEES,5000,13.3100004196167,375.65738860765487,3072.6017004076366
2022-11-30,PHARMABEES,5000,13.260000228881836,377.07389997697084,3449.6756003846076
2022-12-31,PHARMABEES,5000,12.729999542236328,392.7729913430642,3842.4485917276716
2023-01-31,PHARMABEES,5000,12.479999542236328,400.6410403364514,4243.089632064123
2023-02-28,PHARMABEES,5000,11.920000076293944,419.4630845635493,4662.552716627672
2023-03-31,PHARMABEES,5000,12.15999984741211,411.1842156859977,5073.73693231367
2023-04-30,PHARMABEES,5000,12.739999771118164,392.46468522983025,5466.2016175435
2023-05-31,PHARMABEES,5000,12.829999923706056,389.7116157235102,5855.913233267011
2023-06-30,PHARMABEES,5000,13.920000076293944,359.19540033014124,6215.108633597152
2023-07-31,PHARMABEES,5000,15.199999809265137,328.94737254879817,6544.05600614595
2023-08-31,PHARMABEES,5000,15.329999923706056,326.1578620276497,6870.2138681736
2023-09-30,PHARMABEES,5000,15.65999984741211,319.28480515446967,7189.498673328069
2023-10-31,PHARMABEES,5000,14.920000076293944,335.12064171798426,7524.619315046054
2023-11-30,PHARMABEES,5000,16.479999542236328,303.39806667989154,7828.017381725946
2023-12-31,PHARMABEES,5000,17.09000015258789,292.5687510449123,8120.586132770858
2024-01-31,PHARMABEES,5000,18.229999542236328,274.27318297050465,8394.859315741363
2024-02-29,PHARMABEES,5000,19.309999465942383,258.9332023969575,8653.792518138322
2024-03-31,PHARMABEES,5000,19.270000457763672,259.47067364939033,8913.263191787712
2024-04-30,PHARMABEES,5000,19.270000457763672,259.47067364939033,9172.733865437101
2024-05-31,PHARMABEES,5000,19.11000061035156,261.643110429394,9434.376975866495
2024-06-30,PHARMABEES,5000,20.07999992370605,249.00398500983553,9683.38096087633
2024-07-31,PHARMABEES,5000,22.18000030517578,225.42831069453288,9908.809271570863
2024-08-31,PHARMABEES,5000,23.739999771118164,210.61499781827916,10119.424269389141
2024-09-30,PHARMABEES,5000,23.76000022888184,210.4377084105484,10329.86197779969
2024-10-31,PHARMABEES,5000,23.170000076293945,215.7962875932693,10545.65826539296
2024-11-30,PHARMABEES,5000,22.68000030517578,220.4585508254581,10766.116816218419
2024-12-31,PHARMABEES,5000,23.84000015258789,209.7315422817746,10975.848358500192
2025-01-31,PHARMABEES,5000,21.88999938964844,228.41480764793667,11204.263166148128
2025-02-28,PHARMABEES,5000,20.21999931335449,247.27992926773757,11451.543095415866
2025-03-31,PHARMABEES,5000,21.530000686645508,232.23408455817506,11683.77717997404
2025-04-30,PHARMABEES,5000,22.200000762939453,225.2252174849908,11909.002397459031
2025-05-31,PHARMABEES,5000,21.90999984741211,228.20630008313637,12137.208697542168
2025-06-30,PHARMABEES,5000,22.479999542236328,222.41993335479384,12359.628630896961
2025-07-31,PHARMABEES,5000,23.309999465942383,214.50021941464934,12574.12885031161
2025-08-31,PHARMABEES,5000,22.3799991607666,223.4137706656076,12797.542620977218
2025-09-30,PHARMABEES,5000,22.01000022888184,227.16946606111017,13024.712087038328
2025-10-31,PHARMABEES,5000,22.71999931335449,220.07042918619598,13244.782516224524
2025-11-30,PHARMABEES,5000,23.520000457763672,212.58502987611803,13457.367546100642
2025-12-31,PHARMABEES,5000,23.34000015258789,214.2245058831163,13671.592051983758
2026-01-31,PHARMABEES,5000,22.239999771118164,224.82014619861727,13896.412198182376
2026-02-28,PHARMABEES,5000,23.59000015258789,211.9542165179463,14108.366414700322
2026-03-31,PHARMABEES,5000,22.799999237060547,219.29825295224953,14327.66466765257
2026-04-30,PHARMABEES,5000,23.90999984741211,209.1175253830532,14536.782193035624
2026-05-31,PHARMABEES,5000,25.020000457763672,199.8401242414249,14736.62231727705
2026-06-30,PHARMABEES,5000,26.040000915527344,192.01228203561848,14928.634599312669
2026-07-31,PHARMABEES,5000,27.270000457763672,183.35166542237874,15111.986264735047
2026-08-31,PHARMABEES,5000,27.600000381469727,181.1594177859843,15293.145682521032
2026-09-30,PHARMABEES,5000,27.31999969482422,183.0161074616429,15476.161789982674
2022-03-31,AUTOBEES,5000,105.86229705810548,47.23116859306019,47.23116859306019
2022-04-30,AUTOBEES,5000,111.11160278320312,44.99980087368388,92.23096946674407
2022-05-31,AUTOBEES,5000,116.18789672851562,43.03374224669019,135.26471171343425
2022-06-30,AUTOBEES,5000,117.716796875,42.47482205372401,177.73953376715826
2022-07-31,AUTOBEES,5000,126.56919860839844,39.504081996045976,217.24361576320425
2022-08-31,AUTOBEES,5000,133.54660034179688,37.4401144409748,254.68373020417906
2022-09-30,AUTOBEES,5000,128.30419921875,38.96988586846902,293.6536160726481
2022-10-31,AUTOBEES,5000,135.16720581054688,36.99122113249942,330.6448372051475
2022-11-30,AUTOBEES,5000,133.6508026123047,37.41092385733021,368.0557610624777
2022-12-31,AUTOBEES,5000,127.3750991821289,39.25414018991802,407.3099012523957
2023-01-31,AUTOBEES,5000,134.52999877929688,37.166431616510664,444.4763328689064
2023-02-28,AUTOBEES,5000,128.62510681152344,38.87265965365988,483.3489925225663
2023-03-31,AUTOBEES,5000,123.68489837646484,40.42530709595033,523.7742996185166
2023-04-30,AUTOBEES,5000,133.20640563964844,37.535732429610476,561.310032048127
2023-05-31,AUTOBEES,5000,143.375,34.873583260680036,596.183615308807
2023-06-30,AUTOBEES,5000,152.92140197753906,32.69653518305041,628.8801504918574
2023-07-31,AUTOBEES,5000,159.1945037841797,31.40811950881489,660.2882700006724
2023-08-31,AUTOBEES,5000,159.20770263671875,31.40551567036323,691.6937856710356
2023-09-30,AUTOBEES,5000,164.389404296875,30.415585611408222,722.1093712824438
2023-10-31,AUTOBEES,5000,161.648193359375,30.93136951357099,753.0407407960148
2023-11-30,AUTOBEES,5000,178.2095947265625,28.05685074180094,781.0975915378158
2023-12-31,AUTOBEES,5000,188.99630737304688,26.455543335726883,807.5531348735427
2024-01-31,AUTOBEES,5000,195.13870239257807,25.6228002886944,833.1759351622371
2024-02-29,AUTOBEES,5000,207.20509338378903,24.130680951644898,857.306616113882
2024-03-31,AUTOBEES,5000,217.39419555664065,22.999694114175565,880.3063102280576
2024-04-30,AUTOBEES,5000,228.1123962402344,21.919019230915875,902.2253294589734
2024-05-31,AUTOBEES,5000,237.5937957763672,21.044320554170532,923.269650013144
2024-06-30,AUTOBEES,5000,256.0968017578125,19.523867403578265,942.7935174167222
2024-07-31,AUTOBEES,5000,271.7002868652344,18.402630551803732,961.196147968526
2024-08-31,AUTOBEES,5000,267.119384765625,18.71822220759861,979.9143701761246
2024-09-30,AUTOBEES,5000,275.784912109375,18.130070864852183,998.0444410409768
2024-10-31,AUTOBEES,5000,239.92770385742188,20.839610931179806,1018.8840519721566
2024-11-30,AUTOBEES,5000,238.456298828125,20.968202662593157,1039.8522546347497
2024-12-31,AUTOBEES,5000,232.95069885253903,21.46376904911141,1061.316023683861
2025-01-31,AUTOBEES,5000,233.25770568847656,21.435519076388697,1082.7515427602498
2025-02-28,AUTOBEES,5000,209.0957946777344,23.912484742728427,1106.6640275029781
2025-03-31,AUTOBEES,5000,217.23280334472656,23.016781641700327,1129.6808091446785
2025-04-30,AUTOBEES,5000,227.5157928466797,21.976496389283373,1151.6573055339618
2025-05-31,AUTOBEES,5000,237.97129821777344,21.010937190519403,1172.6682427244812
2025-06-30,AUTOBEES,5000,243.7863006591797,20.50976607988381,1193.178008804365
2025-07-31,AUTOBEES,5000,242.3867034912109,20.628194236658295,1213.8062030410233
2025-08-31,AUTOBEES,5000,256.4881896972656,19.49407497437417,1233.3002780153975
2025-09-30,AUTOBEES,5000,273.94000244140625,18.252171845802124,1251.5524498611996
2025-10-31,AUTOBEES,5000,275.75,18.13236627379873,1269.6848161349983
2025-11-30,AUTOBEES,5000,285.5599975585937,17.509455255454878,1287.1942713904532
2025-12-31,AUTOBEES,5000,289.92999267578125,17.245542463043236,1304.4398138534964
2026-01-31,AUTOBEES,5000,274.1499938964844,18.238191177519916,1322.6780050310163
2026-02-28,AUTOBEES,5000,290.1199951171875,17.234248187479672,1339.9122532184958
2026-03-31,AUTOBEES,5000,244.19000244140625,20.475858757566282,1360.3881119760622
2026-04-30,AUTOBEES,5000,265.8299865722656,18.80901422925346,1379.1971262053157
2026-05-31,AUTOBEES,5000,271.3099975585937,18.42910340567222,1397.626229610988
2026-06-30,AUTOBEES,5000,273.04998779296875,18.311665348951003,1415.937894959939
2026-07-31,AUTOBEES,5000,297.1300048828125,16.82765091991295,1432.765545879852
2026-08-31,AUTOBEES,5000,298.7699890136719,16.735281935466407,1449.5008278153184
2026-09-30,AUTOBEES,5000,272.25,18.365472910927455,1467.866300726246
2022-03-31,INFRABEES,5000,522.02001953125,9.578176722972751,9.578176722972751
2022-04-30,INFRABEES,5000,537.0599975585938,9.309946789426437,18.88812351239919
2022-05-31,INFRABEES,5000,509.1799926757813,9.819710263407254,28.707833775806442
2022-06-30,INFRABEES,5000,481.6300048828125,10.381413012705826,39.08924678851227
2022-07-31,INFRABEES,5000,509.8399963378906,9.8069983444106,48.89624513292287
2022-08-31,INFRABEES,5000,535.239990234375,9.34160393697519,58.23784906989806
2022-09-30,INFRABEES,5000,518.97998046875,9.634282993891075,67.87213206378914
2022-10-31,INFRABEES,5000,545.1099853515625,9.172460850768138,77.04459291455727
2022-11-30,INFRABEES,5000,567.739990234375,8.806848356649837,85.85144127120711
2022-12-31,INFRABEES,5000,548.239990234375,9.12009355220964,94.97153482341675
2023-01-31,INFRABEES,5000,528.510009765625,9.460558755012642,104.43209357842939
2023-02-28,INFRABEES,5000,521.5900268554688,9.586072859068464,114.01816643749785
2023-03-31,INFRABEES,5000,529.72998046875,9.438771042514105,123.45693748001196
2023-04-30,INFRABEES,5000,554.6300048828125,9.015018942324348,132.47195642233632
2023-05-31,INFRABEES,5000,566.7000122070312,8.823010221099768,141.29496664343608
2023-06-30,INFRABEES,5000,594.6699829101562,8.408024860328974,149.70299150376505
2023-07-31,INFRABEES,5000,631.030029296875,7.923553187431109,157.62654469119616
2023-08-31,INFRABEES,5000,617.9299926757812,8.091531499140917,165.7180761903371
2023-09-30,INFRABEES,5000,647.6799926757812,7.719861747378268,173.43793793771536
2023-10-31,INFRABEES,5000,632.9099731445312,7.900017715249686,181.33795565296504
2023-11-30,INFRABEES,5000,682.8900146484375,7.321823269848335,188.65977892281336
2023-12-31,INFRABEES,5000,758.6300048828125,6.590828161051134,195.25060708386448
2024-01-31,INFRABEES,5000,815.0399780273438,6.1346684025262075,201.3852754863907
2024-02-29,INFRABEES,5000,839.2899780273438,5.9574165436264765,207.34269203001716
2024-03-31,INFRABEES,5000,864.02001953125,5.7869029501337375,213.1295949801509
2024-04-30,INFRABEES,5000,888.489990234375,5.627525413855309,218.7571203940062
2024-05-31,INFRABEES,5000,898.780029296875,5.563096460778676,224.32021685478486
2024-06-30,INFRABEES,5000,945.5900268554688,5.287703823005991,229.60792067779084
2024-07-31,INFRABEES,5000,983.3099975585938,5.084866433184067,234.6927871109749
2024-08-31,INFRABEES,5000,974.3400268554688,5.1316787386193345,239.82446584959425
2024-09-30,INFRABEES,5000,992.8400268554688,5.036058040323013,244.86052388991726
2024-10-31,INFRABEES,5000,912.9600219726562,5.476691070433041,250.3372149603503
2024-11-30,INFRABEES,5000,903.989990234375,5.531034695089559,255.86824965543985
2024-12-31,INFRABEES,5000,896.0499877929688,5.5800458323930515,261.4482954878329
2025-01-31,INFRABEES,5000,864.219970703125,5.7855640571832945,267.23385954501623
2025-02-28,INFRABEES,5000,794.5499877929688,6.29287027476844,273.5267298197847
2025-03-31,INFRABEES,5000,875.0900268554688,5.713697844285692,279.2404276640704
2025-04-30,INFRABEES,5000,904.7000122070312,5.526693857118907,284.7671215211893
2025-05-31,INFRABEES,5000,922.9500122070312,5.417411489105032,290.18453301029433
2025-06-30,INFRABEES,5000,969.1099853515624,5.159373110974766,295.3439061212691
2025-07-31,INFRABEES,5000,937.6199951171876,5.332650781807484,300.6765569030766
2025-08-31,INFRABEES,5000,918.5800170898438,5.443183943670488,306.11974084674705
2025-09-30,INFRABEES,5000,931.0900268554688,5.3700500013798775,311.4897908481269
2025-10-31,INFRABEES,5000,985.9400024414062,5.071302500779855,316.56109334890675
2025-11-30,INFRABEES,5000,995.2100219726562,5.024065161732643,321.5851585106394
2025-12-31,INFRABEES,5000,992.02001953125,5.040220864053332,326.6253793746927
2026-01-31,INFRABEES,5000,944.1599731445312,5.295712741716286,331.921092116409
2026-02-28,INFRABEES,5000,984.4099731445312,5.079184624703004,337.000276741112
2026-03-31,INFRABEES,5000,885.0599975585938,5.649334523978398,342.64961126509036
2026-04-30,INFRABEES,5000,970.1199951171876,5.154001592757621,347.80361285784795
2026-05-31,INFRABEES,5000,965.8099975585938,5.177001700789146,352.9806145586371
2026-06-30,INFRABEES,5000,969.1799926757812,5.159000431071264,358.1396149897084
2026-07-31,INFRABEES,5000,971.969970703125,5.144191848214189,363.28380683792255
2026-08-31,INFRABEES,5000,953.219970703125,5.245378982473314,368.52918582039587
2026-09-30,INFRABEES,5000,903.010009765625,5.5370371822320585,374.0662230026279
2022-03-31,GOLDBEES,5000,44.119998931884766,113.32729195481883,113.32729195481883
2022-04-30,GOLDBEES,5000,44.790000915527344,111.63205844603256,224.9593504008514
2022-05-31,GOLDBEES,5000,43.95000076293945,113.7656408009944,338.7249912018458
2022-06-30,GOLDBEES,5000,43.7599983215332,114.25960218877853,452.98459339062435
2022-07-31,GOLDBEES,5000,44.060001373291016,113.4816124411421,566.4662058317665
2022-08-31,GOLDBEES,5000,43.900001525878906,113.89521244213435,680.3614182739009
2022-09-30,GOLDBEES,5000,43.15999984741211,115.8480078238416,796.2094260977425
2022-10-31,GOLDBEES,5000,43.22999954223633,115.66042222866388,911.8698483264063
2022-11-30,GOLDBEES,5000,45.09999847412109,110.8647487619996,1022.734597088406
2022-12-31,GOLDBEES,5000,46.790000915527344,106.86043817410444,1129.5950352625105
2023-01-31,GOLDBEES,5000,48.66999816894531,102.7326934068046,1232.327728669315
2023-02-28,GOLDBEES,5000,47.40999984741211,105.46298283257487,1337.79071150189
2023-03-31,GOLDBEES,5000,51.06999969482422,97.90483708396681,1435.6955485858568
2023-04-30,GOLDBEES,5000,51.25,97.5609756097561,1533.2565241956129
2023-05-31,GOLDBEES,5000,51.130001068115234,97.78994515057832,1631.0464693461913
2023-06-30,GOLDBEES,5000,49.310001373291016,101.39930766070253,1732.4457770068939
2023-07-31,GOLDBEES,5000,50.65999984741211,98.69719729688111,1831.142974303775
2023-08-31,GOLDBEES,5000,50.34999847412109,99.30486894790874,1930.4478432516837
2023-09-30,GOLDBEES,5000,49.290000915527344,101.44045256905035,2031.8882958207341
2023-10-31,GOLDBEES,5000,52.060001373291016,96.04302474270028,2127.9313205634344
2023-11-30,GOLDBEES,5000,53.150001525878906,94.07337453349807,2222.0046950969327
2023-12-31,GOLDBEES,5000,53.65999984741211,93.17927719377617,2315.183972290709
2024-01-31,GOLDBEES,5000,53.34999847412109,93.72071495794681,2408.9046872486556
2024-02-29,GOLDBEES,5000,52.77999877929688,94.73285554453756,2503.637542793193
2024-03-31,GOLDBEES,5000,56.61000061035156,88.32361678310444,2591.9611595762976
2024-04-30,GOLDBEES,5000,60.880001068115234,82.12877648286798,2674.0899360591657
2024-05-31,GOLDBEES,5000,61.290000915527344,81.57937551495922,2755.669311574125
2024-06-30,GOLDBEES,5000,60.630001068115234,82.46742391415616,2838.1367354882814
2024-07-31,GOLDBEES,5000,58.68000030517578,85.20790685065798,2923.344642338939
2024-08-31,GOLDBEES,5000,60.65999984741211,82.42664049748281,3005.771282836422
2024-09-30,GOLDBEES,5000,63.54999923706055,78.67820708145882,3084.449489917881
2024-10-31,GOLDBEES,5000,66.91999816894531,74.71608094454916,3159.16557086243
2024-11-30,GOLDBEES,5000,64.29000091552734,77.7725918307212,3236.938162693151
2024-12-31,GOLDBEES,5000,64.08999633789062,78.01529545483764,3314.9534581479884
2025-01-31,GOLDBEES,5000,69.08000183105469,72.37984753139173,3387.33330567938
2025-02-28,GOLDBEES,5000,71.0999984741211,70.32348955422123,3457.6567952336013
2025-03-31,GOLDBEES,5000,74.16000366210938,67.4217873933932,3525.0785826269944
2025-04-30,GOLDBEES,5000,79.08999633789062,63.21912038835926,3588.297703015354
2025-05-31,GOLDBEES,5000,79.48999786376953,62.90099552611679,3651.1986985414705
2025-06-30,GOLDBEES,5000,79.98999786376953,62.507815146031994,3713.7065136875026
2025-07-31,GOLDBEES,5000,82.19999694824219,60.82725286654555,3774.5337665540483
2025-08-31,GOLDBEES,5000,85.33999633789062,58.589175235059386,3833.1229417891077
2025-09-30,GOLDBEES,5000,95.8499984741211,52.16484172767065,3885.2877835167783
2025-10-31,GOLDBEES,5000,100.0199966430664,49.99000367739575,3935.277787194174
2025-11-30,GOLDBEES,5000,104.62000274658205,47.79200792138529,3983.0697951155594
2025-12-31,GOLDBEES,5000,110.11000061035156,45.40913606651951,4028.4789311820787
2026-01-31,GOLDBEES,5000,131.1199951171875,38.13300935171091,4066.6119405337895
2026-02-28,GOLDBEES,5000,131.60000610351562,37.99391921051307,4104.6058597443025
2026-03-31,GOLDBEES,5000,121.19000244140624,41.257528667989206,4145.863388412292
2026-04-30,GOLDBEES,5000,123.43000030517578,40.508790307362055,4186.372178719654
2026-05-31,GOLDBEES,5000,128.64999389648438,38.86513981511067,4225.237318534764
2026-06-30,GOLDBEES,5000,115.97000122070312,43.11459814926167,4268.351916684026
2026-07-31,GOLDBEES,5000,117.11000061035156,42.694902006157456,4311.0468186901835
2026-08-31,GOLDBEES,5000,127.31999969482422,39.271127960922065,4350.317946651106
2026-09-30,GOLDBEES,5000,121.58999633789062,41.121804018361246,4391.439750669467
2022-03-31,SILVERBEES,5000,66.30000305175781,75.41477782582749,75.41477782582749
2022-04-30,SILVERBEES,5000,64.56999969482422,77.43534185583694,152.8501196816644
2022-05-31,SILVERBEES,5000,61.33000183105469,81.52616746651115,234.37628714817555
2022-06-30,SILVERBEES,5000,58.970001220703125,84.78887394434385,319.1651610925194
2022-07-31,SILVERBEES,5000,57.400001525878906,87.10801162166764,406.273172714187
2022-08-31,SILVERBEES,5000,54.36000061035156,91.97939558241781,498.2525682966048
2022-09-30,SILVERBEES,5000,56.119998931884766,89.0947985595779,587.3473668561827
2022-10-31,SILVERBEES,5000,57.11000061035156,87.5503405106551,674.8977073668378
2022-11-30,SILVERBEES,5000,61.31999969482422,81.53946550691242,756.4371728737502
2022-12-31,SILVERBEES,5000,67.2300033569336,74.37155660180906,830.8087294755593
2023-01-31,SILVERBEES,5000,66.9800033569336,74.64914525840216,905.4578747339615
2023-02-28,SILVERBEES,5000,62.47999954223633,80.02560878093496,985.4834835148964
2023-03-31,SILVERBEES,5000,70.66999816894531,70.75138148506649,1056.2348649999628
2023-04-30,SILVERBEES,5000,73.08000183105469,68.41817015219743,1124.6530351521603
2023-05-31,SILVERBEES,5000,70.18000030517578,71.24536874120318,1195.8984038933636
2023-06-30,SILVERBEES,5000,67.56999969482422,73.99733643010501,1269.8957403234685
2023-07-31,SILVERBEES,5000,72.68000030517578,68.79471627690587,1338.6904566003743
2023-08-31,SILVERBEES,5000,73.29000091552734,68.22213040716024,1406.9125870075345
2023-09-30,SILVERBEES,5000,70.55999755859375,70.86168045637967,1477.7742674639142
2023-10-31,SILVERBEES,5000,71.04000091552734,70.38288197582415,1548.1571494397383
2023-11-30,SILVERBEES,5000,74.61000061035156,67.01514487464416,1615.1722943143825
2023-12-31,SILVERBEES,5000,72.18000030517578,69.27126598586987,1684.4435603002523
2024-01-31,SILVERBEES,5000,70.58999633789062,70.83156621891122,1755.2751265191635
2024-02-29,SILVERBEES,5000,68.29000091552734,73.21716112121375,1828.4922876403773
2024-03-31,SILVERBEES,5000,72.41999816894531,69.04170293315568,1897.533990573533
2024-04-30,SILVERBEES,5000,78.55999755859375,63.645623159175436,1961.1796137327083
2024-05-31,SILVERBEES,5000,90.5999984741211,55.1876388985613,2016.3672526312696
2024-06-30,SILVERBEES,5000,85.9000015258789,58.20721666103418,2074.5744692923035
2024-07-31,SILVERBEES,5000,81.83999633789062,61.0948218931564,2135.6692911854598
2024-08-31,SILVERBEES,5000,83.06999969482422,60.1902012563933,2195.859492441853
2024-09-30,SILVERBEES,5000,88.04000091552734,56.79236651527755,2252.6518589571306
2024-10-31,SILVERBEES,5000,94.2699966430664,53.039144776163006,2305.6910037332937
2024-11-30,SILVERBEES,5000,86.91999816894531,57.524161359064486,2363.2151650923583
2024-12-31,SILVERBEES,5000,83.7300033569336,59.71575062149995,2422.930915713858
2025-01-31,SILVERBEES,5000,90.66999816894533,55.14503254630605,2478.0759482601643
2025-02-28,SILVERBEES,5000,90.45999908447266,55.273049420782534,2533.348997680947
2025-03-31,SILVERBEES,5000,97.5999984741211,51.22950899764372,2584.5785066785907
2025-04-30,SILVERBEES,5000,91.62000274658205,54.57323564844063,2639.151742327031
2025-05-31,SILVERBEES,5000,94.3499984741211,52.994171498279684,2692.145913825311
2025-06-30,SILVERBEES,5000,102.47000122070312,48.79476861946007,2740.940682444771
2025-07-31,SILVERBEES,5000,106.9000015258789,46.772684084476595,2787.7133665292477
2025-08-31,SILVERBEES,5000,113.58000183105467,44.021834120387524,2831.7352006496353
2025-09-30,SILVERBEES,5000,136.07000732421875,36.745790628836566,2868.4809912784717
2025-10-31,SILVERBEES,5000,142.47000122070312,35.09510744128092,2903.5760987197527
2025-11-30,SILVERBEES,5000,156.77000427246094,31.89385637389006,2935.469955093643
2025-12-31,SILVERBEES,5000,215.42999267578125,23.209395952238282,2958.679351045881
2026-01-31,SILVERBEES,5000,286.4800109863281,17.45322468672559,2976.1325757326067
2026-02-28,SILVERBEES,5000,252.8099975585937,19.777698857977924,2995.910274590585
2026-03-31,SILVERBEES,5000,216.0800018310547,23.139577738014474,3019.049852328599
2026-04-30,SILVERBEES,5000,227.5,21.978021978021978,3041.027874306621
2026-05-31,SILVERBEES,5000,249.3699951171875,20.050527721469972,3061.078402028091
2026-06-30,SILVERBEES,5000,212.82000732421875,23.494031707191862,3084.572433735283
2026-07-31,SILVERBEES,5000,206.509994506836,24.211903215340445,3108.7843369506236
2026-08-31,SILVERBEES,5000,223.2100067138672,22.40042941448184,3131.1847663651056
2026-09-30,SILVERBEES,5000,209.6199951171875,23.85268636803833,3155.0374527331437
